9000003627287624,tent asparagus eraser
9000010688666847,popsicle tent asparagus
9000023642890129,leg popsicle arm
9000038588854897,leg square popsicle
9000052667981386,scorpion leg guitar
9000057427034623,scorpion leg guitar
9000065506980882,scorpion leg guitar
9000087586309806,drums book bird
9000092580281382,drums book bird
9000096661653918,anvil drums book
9000102548572430,anvil drums book
9000109525154374,anvil drums book
9000117423882596,anvil bird drums
9000118400618039,anvil bird drums
9000119463725679,anvil bird drums
9000156567772007,anvil bird drums
9000159584429954,anvil bird drums
9000161602785100,anvil duck bird
9000182604013479,anvil duck bird
9000183669464573,anvil duck bird
9000187440516076,anvil duck bird
9000193525342977,anvil duck bird
9000198400086554,anvil duck bird
9000202569048083,anvil duck bird
9000206448363150,anvil duck bird
9000234529125713,anvil duck bird
9000235467185830,anvil duck bird
9000255623069766,anvil The_Great_Wall_of_China duck
9000256502783283,anvil The_Great_Wall_of_China duck
9000277442812262,anvil The_Great_Wall_of_China duck
9000277563368811,anvil The_Great_Wall_of_China duck
9000280688246705,anvil The_Great_Wall_of_China duck
9000281561843445,anvil The_Great_Wall_of_China duck
9000281644143716,anvil The_Great_Wall_of_China duck
9000292525971382,anvil The_Great_Wall_of_China duck
9000293606925717,anvil The_Great_Wall_of_China duck
9000295448321106,anvil The_Great_Wall_of_China duck
9000297423888044,anvil The_Great_Wall_of_China duck
9000302684801961,anvil The_Great_Wall_of_China duck
9000305542854882,anvil The_Great_Wall_of_China duck
9000331588476138,anvil The_Great_Wall_of_China duck
9000333629927348,anvil The_Great_Wall_of_China duck
9000335621713143,anvil The_Great_Wall_of_China duck
9000337402323494,anvil The_Great_Wall_of_China duck
9000344665837429,anvil The_Great_Wall_of_China duck
9000348440955351,anvil The_Great_Wall_of_China duck
9000361563195829,anvil The_Great_Wall_of_China duck
9000365429792904,anvil The_Great_Wall_of_China duck
9000375484210103,anvil The_Great_Wall_of_China duck
9000391686579935,anvil The_Great_Wall_of_China duck
9000413523441165,anvil The_Great_Wall_of_China duck
9000420504057781,anvil The_Great_Wall_of_China duck
9000431661425288,anvil The_Great_Wall_of_China duck
